firstname,lastname,age,phone,email
Ella,Jenkins,32,1234567890,ella.jenkins@example.com
Liam,Smith,45,2345678901,liam.smith@example.com
Olivia,Johnson,27,3456789012,olivia.johnson@example.com
Noah,Williams,50,4567890123,noah.williams@example.com
Ava,Jones,38,5678901234,ava.jones@example.com
William,Brown,41,6789012345,william.brown@example.com
Isabella,Davis,29,7890123456,isabella.davis@example.com
James,Miller,36,8901234567,james.miller@example.com
Sophia,Wilson,48,9012345678,sophia.wilson@example.com
Benjamin,Taylor,33,0123456789,benjamin.taylor@example.com
Mia,Anderson,44,1357924680,mia.anderson@example.com
Logan,Thomas,30,2468013579,logan.thomas@example.com
Emma,Jackson,49,3579246801,emma.jackson@example.com
Alexander,White,35,4680135792,alexander.white@example.com
Madison,Harris,26,5792468013,madison.harris@example.com
Michael,Martin,40,1357924680,michael.martin@example.com
Charlotte,Thompson,34,5792468013,charlotte.thompson@example.com
Elijah,Garcia,47,0246813579,elijah.garcia@example.com
Amelia,Martinez,28,4680135792,amelia.martinez@example.com
Daniel,Robinson,42,8024680135,daniel.robinson@example.com
Avery,Clark,31,4680135792,avery.clark@example.com
Matthew,Rodriguez,46,3579246801,matthew.rodriguez@example.com
Sofia,Lewis,39,4680135792,sofia.lewis@example.com
Harper,Lee,43,1357924680,harper.lee@example.com
Jackson,Walker,37,5792468013,jackson.walker@example.com
Evelyn,Hall,25,0246813579,evelyn.hall@example.com
Aiden,Allen,50,4680135792,aiden.allen@example.com
Abigail,Young,32,3579246801,abigail.young@example.com
David,Hernandez,48,4680135792,david.hernandez@example.com
